Date,Start (ET), , , ,Opponent, , ,Tm,Opp,W,L,Streak,Attend.,LOG,Notes
"Wed, Oct 23, 2024",8:00p,,Box Score,@,New Orleans Pelicans,L,,111,123,0,1,L 1,"18,581",2:11,
"Fri, Oct 25, 2024",8:00p,,Box Score,@,Milwaukee Bucks,W,,133,122,1,1,W 1,"17,790",2:13,
"Sat, Oct 26, 2024",8:00p,,Box Score,,Oklahoma City Thunder,L,,95,114,1,2,L 1,"20,923",2:09,
"Mon, Oct 28, 2024",8:00p,,Box Score,@,Memphis Grizzlies,W,,126,123,2,2,W 1,"15,906",2:09,
"Wed, Oct 30, 2024",8:00p,,Box Score,,Orlando Magic,W,,102,99,3,2,W 2,"19,015",2:19,
"Fri, Nov 1, 2024",7:30p,,Box Score,@,Brooklyn Nets,L,,112,120,3,3,L 1,"17,977",2:07,
"Mon, Nov 4, 2024",8:30p,,Box Score,,Utah Jazz,L,,126,135,3,4,L 2,"19,621",2:22,
"Wed, Nov 6, 2024",8:30p,,Box Score,@,Dallas Mavericks,L,,99,119,3,5,L 3,"20,011",2:09,
"Thu, Nov 7, 2024",8:00p,,Box Score,,Minnesota Timberwolves,L,,119,135,3,6,L 4,"19,621",2:03,
"Sat, Nov 9, 2024",7:30p,,Box Score,@,Atlanta Hawks,W,,125,113,4,6,W 1,"17,826",2:17,
"Mon, Nov 11, 2024",8:00p,,Box Score,,Cleveland Cavaliers,L,,113,119,4,7,L 1,"20,560",2:06,
"Wed, Nov 13, 2024",7:30p,,Box Score,@,New York Knicks,W,,124,123,5,7,W 1,"19,812",2:16,
"Fri, Nov 15, 2024",7:30p,,Box Score,@,Cleveland Cavaliers,L,,126,144,5,8,L 1,"19,432",2:11,In-Season Tournament
"Sun, Nov 17, 2024",7:00p,,Box Score,,Houston Rockets,L,,107,143,5,9,L 2,"20,667",2:08,
"Mon, Nov 18, 2024",7:00p,,Box Score,@,Detroit Pistons,W,,122,112,6,9,W 1,"18,022",2:09,
"Wed, Nov 20, 2024",7:30p,,Box Score,@,Milwaukee Bucks,L,,106,122,6,10,L 1,"17,341",2:18,
"Fri, Nov 22, 2024",8:00p,,Box Score,,Atlanta Hawks,W,,136,122,7,10,W 1,"19,979",2:08,In-Season Tournament
"Sat, Nov 23, 2024",8:00p,,Box Score,,Memphis Grizzlies,L,,131,142,7,11,L 1,"19,449",2:07,
"Tue, Nov 26, 2024",7:00p,,Box Score,@,Washington Wizards,W,,127,108,8,11,W 1,"15,921",2:13,In-Season Tournament
"Wed, Nov 27, 2024",7:00p,,Box Score,@,Orlando Magic,L,,119,133,8,12,L 1,"18,309",2:12,
"Fri, Nov 29, 2024",8:00p,,Box Score,,Boston Celtics,L,,129,138,8,13,L 2,"19,798",2:08,In-Season Tournament
"Mon, Dec 2, 2024",8:00p,,Box Score,,Brooklyn Nets,W,,128,102,9,13,W 1,"19,131",2:09,
"Thu, Dec 5, 2024",8:00p,,Box Score,@,San Antonio Spurs,W,,139,124,10,13,W 2,"17,720",2:22,
"Fri, Dec 6, 2024",8:00p,,Box Score,,Indiana Pacers,L,,123,132,10,14,L 1,"19,544",2:00,
"Sun, Dec 8, 2024",1:00p,,Box Score,,Philadelphia 76ers,L,,100,108,10,15,L 2,"18,837",2:10,
"Fri, Dec 13, 2024",8:00p,,Box Score,,Charlotte Hornets,W,,109,95,11,15,W 1,"19,543",2:08,
"Mon, Dec 16, 2024",7:30p,,Box Score,@,Toronto Raptors,W,,122,121,12,15,W 2,"16,324",2:25,
"Thu, Dec 19, 2024",7:30p,,Box Score,@,Boston Celtics,W,,117,108,13,15,W 3,"19,156",2:06,
"Sat, Dec 21, 2024",8:00p,,Box Score,,Boston Celtics,L,,98,123,13,16,L 1,"19,803",1:57,
"Mon, Dec 23, 2024",8:00p,,Box Score,,Milwaukee Bucks,L,,91,112,13,17,L 2,"21,234",2:02,
"Thu, Dec 26, 2024",7:30p,,Box Score,@,Atlanta Hawks,L,,133,141,13,18,L 3,"17,760",2:14,
"Sat, Dec 28, 2024",8:00p,,Box Score,,Milwaukee Bucks,W,,116,111,14,18,W 1,"21,511",2:10,
"Mon, Dec 30, 2024",7:00p,,Box Score,@,Charlotte Hornets,W,OT,115,108,15,18,W 2,"19,197",2:24,
"Wed, Jan 1, 2025",7:00p,,Box Score,@,Washington Wizards,L,,107,125,15,19,L 1,"16,298",2:12,
"Sat, Jan 4, 2025",8:00p,,Box Score,,New York Knicks,W,,139,126,16,19,W 1,"22,491",2:23,
"Mon, Jan 6, 2025",8:00p,,Box Score,,San Antonio Spurs,W,,114,110,17,19,W 2,"18,886",2:13,
"Wed, Jan 8, 2025",7:00p,,Box Score,@,Indiana Pacers,L,,113,129,17,20,L 1,"16,758",2:15,
"Fri, Jan 10, 2025",8:00p,,,,Washington Wizards,,,,,,,,,,
"Sun, Jan 12, 2025",3:30p,,,,Sacramento Kings,,,,,,,,,,
"Tue, Jan 14, 2025",8:00p,,,,New Orleans Pelicans,,,,,,,,,,
"Wed, Jan 15, 2025",8:00p,,,,Atlanta Hawks,,,,,,,,,,
"Fri, Jan 17, 2025",8:00p,,,,Charlotte Hornets,,,,,,,,,,
"Sun, Jan 19, 2025",9:00p,,,@,Portland Trail Blazers,,,,,,,,,,
"Tue, Jan 21, 2025",10:30p,,,@,Los Angeles Clippers,,,,,,,,,,
"Thu, Jan 23, 2025",10:00p,,,@,Golden State Warriors,,,,,,,,,,
"Sat, Jan 25, 2025",8:00p,,,,Philadelphia 76ers,,,,,,,,,,
"Mon, Jan 27, 2025",8:00p,,,,Denver Nuggets,,,,,,,,,,
"Wed, Jan 29, 2025",7:30p,,,@,Boston Celtics,,,,,,,,,,
"Fri, Jan 31, 2025",7:30p,,,@,Toronto Raptors,,,,,,,,,,
"Sun, Feb 2, 2025",3:00p,,,@,Detroit Pistons,,,,,,,,,,
"Tue, Feb 4, 2025",8:00p,,,,Miami Heat,,,,,,,,,,
"Wed, Feb 5, 2025",8:00p,,,@,Minnesota Timberwolves,,,,,,,,,,
"Sat, Feb 8, 2025",8:00p,,,,Golden State Warriors,,,,,,,,,,
"Tue, Feb 11, 2025",8:00p,,,,Detroit Pistons,,,,,,,,,,
"Wed, Feb 12, 2025",8:00p,,,,Detroit Pistons,,,,,,,,,,
"Thu, Feb 20, 2025",7:30p,,,@,New York Knicks,,,,,,,,,,
"Sat, Feb 22, 2025",5:00p,,,,Phoenix Suns,,,,,,,,,,
"Mon, Feb 24, 2025",7:00p,,,@,Philadelphia 76ers,,,,,,,,,,
"Wed, Feb 26, 2025",8:00p,,,,Los Angeles Clippers,,,,,,,,,,
"Fri, Feb 28, 2025",8:00p,,,,Toronto Raptors,,,,,,,,,,
"Sun, Mar 2, 2025",5:00p,,,@,Indiana Pacers,,,,,,,,,,
"Tue, Mar 4, 2025",8:00p,,,,Cleveland Cavaliers,,,,,,,,,,
"Sat, Mar 8, 2025",8:00p,,,@,Miami Heat,,,,,,,,,,
"Mon, Mar 10, 2025",8:00p,,,,Indiana Pacers,,,,,,,,,,
"Wed, Mar 12, 2025",7:00p,,,@,Orlando Magic,,,,,,,,,,
"Thu, Mar 13, 2025",8:00p,,,,Brooklyn Nets,,,,,,,,,,
"Sat, Mar 15, 2025",8:00p,,,@,Houston Rockets,,,,,,,,,,
"Mon, Mar 17, 2025",9:00p,,,@,Utah Jazz,,,,,,,,,,
"Wed, Mar 19, 2025",10:00p,,,@,Phoenix Suns,,,,,,,,,,
"Thu, Mar 20, 2025",10:00p,,,@,Sacramento Kings,,,,,,,,,,
"Sat, Mar 22, 2025",10:30p,,,@,Los Angeles Lakers,,,,,,,,,,
"Mon, Mar 24, 2025",9:00p,,,@,Denver Nuggets,,,,,,,,,,
"Thu, Mar 27, 2025",8:00p,,,,Los Angeles Lakers,,,,,,,,,,
"Sat, Mar 29, 2025",8:00p,,,,Dallas Mavericks,,,,,,,,,,
"Mon, Mar 31, 2025",8:00p,,,@,Oklahoma City Thunder,,,,,,,,,,
"Tue, Apr 1, 2025",8:00p,,,,Toronto Raptors,,,,,,,,,,
"Fri, Apr 4, 2025",8:00p,,,,Portland Trail Blazers,,,,,,,,,,
"Sun, Apr 6, 2025",1:00p,,,@,Charlotte Hornets,,,,,,,,,,
"Tue, Apr 8, 2025",7:00p,,,@,Cleveland Cavaliers,,,,,,,,,,
"Wed, Apr 9, 2025",8:00p,,,,Miami Heat,,,,,,,,,,
"Fri, Apr 11, 2025",8:00p,,,,Washington Wizards,,,,,,,,,,
"Sun, Apr 13, 2025",1:00p,,,@,Philadelphia 76ers,,,,,,,,,,
